NAME_1,DISTRICT_GADM,wt_prev_diarrhea,wt_prev_diarrhea_pct,n_children,n_eff,ci95_low_pct,ci95_high_pct,pop_total_wp19,pop_density19_km2,ann_precip_mm_per_day_2019,GID_2,GID_0,COUNTRY,GID_1,NL_NAME_1,NAME_2,VARNAME_2,NL_NAME_2,TYPE_2,ENGTYPE_2,CC_2,HASC_2,HH7,HH7A,se,ci95_low,ci95_high,wt_prev_diarrhea_feat,wt_prev_diarrhea_pct_feat,n_children_feat,n_eff_feat,ci95_low_feat,ci95_high_feat,ci95_low_pct_feat,ci95_high_pct_feat,area_km2,pop_mean_ppp19
Barisal,Barguna,0.0904875474864028,9.05,323.0,318.5486886254759,5.9,12.2,897879.9375,682.7669484926502,10.54242665525114,BGD.1.1_1,BGD,Bangladesh,BGD.1_1,NA,Barguna,NA,NA,Zila,Distict,1004,BD.BA.PR,Barishal,Barguna,0.0160735136276928,0.0589834607761247,0.1219916341966808,0.0904875474864028,9.05,323.0,318.5486886254759,0.0589834607761247,0.1219916341966808,5.9,12.2,1315.0606359640817,5.427420829454647
Barisal,Barisal,0.1120101288109699,11.2,2250.0,2212.10628973995,9.89,12.52,,,,BGD.1.2_1,BGD,Bangladesh,BGD.1_1,NA,Barisal,NA,NA,Zila,Distict,1006,BD.BA.PR,Barishal,Barishal,0.0067054767198241,0.0988673944401146,0.1251528631818253,,,,,,,,,,
Barisal,Bhola,0.28539447768119,28.54,440.0,435.4826938994164,24.3,32.78,1855779.75,1010.8151632182364,10.54242665525114,BGD.1.3_1,BGD,Bangladesh,BGD.1_1,NA,Bhola,NA,NA,Zila,Distict,1009,BD.BA.PR,Barishal,Bhola,0.0216406607210976,0.2429787826678387,0.3278101726945413,0.28539447768119,28.54,440.0,435.4826938994164,0.2429787826678387,0.3278101726945413,24.3,32.78,1835.9239330082487,8.026867895638333
Barisal,Jhalokati,0.0647330241198753,6.47,339.0,336.222362837151,3.84,9.1,674956.4375,940.7767854895168,10.54242665525114,BGD.1.4_1,BGD,Bangladesh,BGD.1_1,NA,Jhalokati,NA,NA,Zila,Distict,1042,BD.BA.PR,Barishal,Jhalokati,0.0134189164885404,0.0384319478023359,0.0910341004374146,0.0647330241198753,6.47,339.0,336.222362837151,0.0384319478023359,0.0910341004374146,3.84,9.1,717.4458893017841,7.529130552394975
Barisal,Patuakhali,0.1046631025386091,10.47,356.0,351.432200863407,7.27,13.67,1613138.375,647.5094204445918,10.54242665525114,BGD.1.5_1,BGD,Bangladesh,BGD.1_1,NA,Patuakhali,NA,NA,Zila,Distict,1078,BD.BA.PR,Barishal,Patuakhali,0.0163293638954423,0.0726575493035421,0.1366686557736761,0.1046631025386091,10.47,356.0,351.432200863407,0.0726575493035421,0.1366686557736761,7.27,13.67,2491.2971519277507,5.181791644314813
Barisal,Pirojpur,0.0256719906510678,2.57,320.0,317.0057156336846,0.83,4.31,1103032.5,901.560705534922,10.54242665525114,BGD.1.6_1,BGD,Bangladesh,BGD.1_1,NA,Pirojpur,NA,NA,Zila,Distict,1079,BD.BA.PR,Barishal,Pirojpur,0.0088827782482406,0.0082617452845161,0.0430822360176195,0.0256719906510678,2.57,320.0,317.0057156336846,0.0082617452845161,0.0430822360176195,0.83,4.31,1223.470026175929,7.384317991631799
Chittagong,Bandarban,0.1022330022215186,10.22,347.0,139.4490535037698,5.19,15.25,515629.03125,112.6154467102982,10.54242665525114,BGD.2.1_1,BGD,Bangladesh,BGD.2_1,NA,Bandarban,NA,NA,Zila,Distict,2003,BD.CG.PC,Chattogram,Bandarban,0.0256548565229804,0.0519494834364769,0.1525165210065603,0.1022330022215186,10.22,347.0,139.4490535037698,0.0519494834364769,0.1525165210065603,5.19,15.25,4578.670567071044,0.8975375352702296
Chittagong,Brahamanbaria,0.041721848726037,4.17,461.0,459.7857781088826,2.34,6.0,,,,BGD.2.2_1,BGD,Bangladesh,BGD.2_1,NA,Brahamanbaria,NA,NA,Zila,Distict,2012,BD.CG.PC,Chattogram,Brahmanbaria,0.0093250205671203,0.0234448084144811,0.059998889037593,,,,,,,,,,
Chittagong,Chandpur,0.0838325657366989,8.38,323.0,318.0039024398474,5.34,11.43,2507410.0,1616.7055791581383,10.54242665525114,BGD.2.3_1,BGD,Bangladesh,BGD.2_1,NA,Chandpur,NA,NA,Zila,Distict,2013,BD.CG.PC,Chattogram,Chandpur,0.0155409505849797,0.0533723025901387,0.1142928288832592,0.0838325657366989,8.38,323.0,318.0039024398474,0.0533723025901387,0.1142928288832592,5.34,11.43,1550.937927303792,14.242844240458512
Chittagong,Chittagong,0.113660028889108,11.37,838.0,810.8751758019498,9.18,13.55,,,,BGD.2.4_1,BGD,Bangladesh,BGD.2_1,NA,Chittagong,NA,NA,Zila,Distict,2015,BD.CG.PC,Chattogram,Chattogram,0.0111462055061841,0.0918134660969871,0.135506591681229,,,,,,,,,,
Chittagong,Comilla,0.0315452715346228,3.15,543.0,534.5335406166885,1.67,4.64,,,,BGD.2.5_1,BGD,Bangladesh,BGD.2_1,NA,Comilla,NA,NA,Zila,Distict,2019,BD.CG.PC,Chattogram,Cumilla,0.0075599568444436,0.0167277561195131,0.0463627869497324,,,,,,,,,,
Chittagong,Cox'S Bazar,0.1149318088309809,11.49,449.0,446.9895007170263,8.54,14.45,2693406.75,1259.7944324612813,10.54242665525114,BGD.2.6_1,BGD,Bangladesh,BGD.2_1,NA,Cox'S Bazar,NA,NA,Zila,Distict,2022,BD.CG.PC,Chattogram,Cox's Bazar,0.0150855040644858,0.0853642208645886,0.1444993967973731,0.1149318088309809,11.49,449.0,446.9895007170263,0.0853642208645886,0.1444993967973731,8.54,14.45,2137.9732126120343,10.583255401831847
Chittagong,Feni,0.0287153085532205,2.87,420.0,417.1710086834306,1.27,4.47,1597137.625,1777.325507595721,10.54242665525114,BGD.2.7_1,BGD,Bangladesh,BGD.2_1,NA,Feni,NA,NA,Zila,Distict,2030,BD.CG.PC,Chattogram,Feni,0.0081766038264232,0.0126891650534311,0.04474145205301,0.0287153085532205,2.87,420.0,417.1710086834306,0.0126891650534311,0.04474145205301,1.27,4.47,898.6185243920398,14.430358288383523
Chittagong,Khagrachhari,0.1251540432530997,12.52,313.0,266.7167531844998,8.54,16.49,715505.3125,253.7125055821957,10.54242665525114,BGD.2.8_1,BGD,Bangladesh,BGD.2_1,NA,Khagrachhari,NA,NA,Zila,Distict,2046,BD.CG.PC,Chattogram,Khagrachhari,0.0202611032133027,0.0854422809550263,0.164865805551173,0.1251540432530997,12.52,313.0,266.7167531844998,0.0854422809550263,0.164865805551173,8.54,16.49,2820.142077183485,2.005171405150912
Chittagong,Lakshmipur,0.1130430314508918,11.3,387.0,385.2418198397983,8.14,14.47,1999879.5,1597.3098042701283,10.54242665525114,BGD.2.9_1,BGD,Bangladesh,BGD.2_1,NA,Lakshmipur,NA,NA,Zila,Distict,2051,BD.CG.PC,Chattogram,Lakshmipur,0.0161326777886564,0.0814229829851251,0.1446630799166585,0.1130430314508918,11.3,387.0,385.2418198397983,0.0814229829851251,0.1446630799166585,8.14,14.47,1252.029815790069,12.673025740466144
Chittagong,Noakhali,0.0548574608711491,5.49,455.0,451.9939387329506,3.39,7.58,3502176.0,1360.3656487308356,10.54242665525114,BGD.2.10_1,BGD,Bangladesh,BGD.2_1,NA,Noakhali,NA,NA,Zila,Distict,2075,BD.CG.PC,Chattogram,Noakhali,0.0107102646101162,0.0338653422353212,0.0758495795069771,0.0548574608711491,5.49,455.0,451.9939387329506,0.0338653422353212,0.0758495795069771,3.39,7.58,2574.437250210915,10.923306769801789
Chittagong,Rangamati,0.0876739342741091,8.77,266.0,219.93996124284388,5.03,12.51,699591.8125,121.64157444187086,10.54242665525114,BGD.2.11_1,BGD,Bangladesh,BGD.2_1,NA,Rangamati,NA,NA,Zila,Distict,2084,BD.CG.PC,Chattogram,Rangamati,0.0190703303909248,0.0502960867078964,0.1250517818403218,0.0876739342741091,8.77,266.0,219.93996124284388,0.0502960867078964,0.1250517818403218,5.03,12.51,5751.255816195601,1.0335429879728817
Dhaka,Dhaka,0.0614286405734918,6.14,749.0,730.4065672730546,4.4,7.88,15491425.0,10494.97291710842,10.54242665525114,BGD.3.1_1,BGD,Bangladesh,BGD.3_1,NA,Dhaka,Daca|Dacca,NA,Zila,Distict,3026,BD.DH.DH,Dhaka,Dhaka,0.0088845772182596,0.044014869225703,0.0788424119212807,0.0614286405734918,6.14,749.0,730.4065672730546,0.044014869225703,0.0788424119212807,4.4,7.88,1476.0805122942809,92.28337145852694
Dhaka,Faridpur,0.0578480857671411,5.78,323.0,313.4803579278796,3.2,8.37,2022067.5,989.4193120619904,10.54242665525114,BGD.3.2_1,BGD,Bangladesh,BGD.3_1,NA,Faridpur,NA,NA,Zila,Distict,3029,BD.DH.TA,Dhaka,Faridpur,0.0131855969594772,0.0320043157265657,0.0836918558077165,0.0578480857671411,5.78,323.0,313.4803579278796,0.0320043157265657,0.0836918558077165,3.2,8.37,2043.691158388579,8.611138318712205
Dhaka,Gazipur,0.0984496525490524,9.84,241.0,216.42397722631156,5.88,13.81,5702246.0,3138.0365493931563,10.54242665525114,BGD.3.3_1,BGD,Bangladesh,BGD.3_1,NA,Gazipur,NA,NA,Zila,Distict,3033,BD.DH.TA,Dhaka,Gazipur,0.0202511364320289,0.0587574251422756,0.1381418799558292,0.0984496525490524,9.84,241.0,216.4239772263116,0.0587574251422756,0.1381418799558292,5.88,13.81,1817.138172308005,26.1373089175624
Dhaka,Gopalganj,0.0171107098520644,1.71,321.0,298.4235029822798,0.24,3.18,1139150.25,771.8211894728591,10.54242665525114,BGD.3.4_1,BGD,Bangladesh,BGD.3_1,NA,Gopalganj,NA,NA,Zila,Distict,3035,BD.DH.TA,Dhaka,Gopalganj,0.0075070585479963,0.0023968750979915,0.0318245446061372,0.0171107098520644,1.71,321.0,298.4235029822798,0.0023968750979915,0.0318245446061372,0.24,3.18,1475.9250789396187,6.279389066815132
Dhaka,Kishoreganj,0.0157436887997193,1.57,374.0,355.8812596939811,0.28,2.87,,,,BGD.3.6_1,BGD,Bangladesh,BGD.3_1,NA,Kishoreganj,NA,NA,Zila,Distict,3048,BD.DH.TA,Dhaka,Kishoregonj,0.0065986454320575,0.0028103437528865,0.0286770338465521,,,,,,,,,,
Dhaka,Madaripur,0.0106173610513984,1.06,300.0,271.1184033275926,0.0,2.28,1192918.625,1050.776030841147,10.54242665525114,BGD.3.7_1,BGD,Bangladesh,BGD.3_1,NA,Madaripur,NA,NA,Zila,Distict,3054,BD.DH.TA,Dhaka,Madaripur,0.0062245926653426,0.0,0.0228175626754699,0.0106173610513984,1.06,300.0,271.1184033275926,0.0,0.0228175626754699,0.0,2.28,1135.273921356074,9.043291171386985
Dhaka,Manikganj,0.041570366143535,4.16,251.0,184.05979452862863,1.27,7.04,1480515.5,1077.3053067540848,10.54242665525114,BGD.3.8_1,BGD,Bangladesh,BGD.3_1,NA,Manikganj,NA,NA,Zila,Distict,3056,BD.DH.TA,Dhaka,Manikganj,0.0147127066228256,0.0127334611627968,0.0704072711242733,0.041570366143535,4.16,251.0,184.05979452862863,0.0127334611627968,0.0704072711242733,1.27,7.04,1374.2766240155129,9.46705907178392
Dhaka,Munshiganj,0.0437304906652291,4.37,342.0,324.9598498571393,2.15,6.6,1550130.5,1662.0171194698733,10.54242665525114,BGD.3.9_1,BGD,Bangladesh,BGD.3_1,NA,Munshiganj,NA,NA,Zila,Distict,3059,BD.DH.TA,Dhaka,Munshiganj,0.0113440328816023,0.0214961862172884,0.0659647951131698,0.0437304906652291,4.37,342.0,324.9598498571393,0.0214961862172884,0.0659647951131698,2.15,6.6,932.6802244338126,16.62570117013632
Dhaka,Narayanganj,0.0404936198055627,4.05,336.0,330.404756283906,1.92,6.17,,,,BGD.3.11_1,BGD,Bangladesh,BGD.3_1,NA,Narayanganj,NA,NA,Zila,Distict,3067,BD.DH.TA,Dhaka,Narayangonj,0.0108441143539103,0.0192391556718985,0.061748083939227,,,,,,,,,,
Dhaka,Narsingdi,0.0376036187175045,3.76,339.0,334.1291824616945,1.72,5.8,2554271.0,2187.270933056556,10.54242665525114,BGD.3.12_1,BGD,Bangladesh,BGD.3_1,NA,Narsingdi,NA,NA,Zila,Distict,3068,BD.DH.TA,Dhaka,Narsingdi,0.0104072169229591,0.0172054735485044,0.0580017638865045,0.0376036187175045,3.76,339.0,334.1291824616945,0.0172054735485044,0.0580017638865045,1.72,5.8,1167.7890294233407,19.314250499062368
Dhaka,Rajbari,0.1068306483354775,10.68,320.0,312.0890671783958,7.26,14.11,1138760.0,999.5823574764788,10.54242665525114,BGD.3.14_1,BGD,Bangladesh,BGD.3_1,NA,Rajbari,NA,NA,Zila,Distict,3082,BD.DH.TA,Dhaka,Rajbari,0.0174853995489041,0.0725592652196254,0.1411020314513296,0.1068306483354775,10.68,320.0,312.0890671783958,0.0725592652196254,0.1411020314513296,7.26,14.11,1139.2357933116043,8.68712143173184
Dhaka,Shariatpur,0.107870921578869,10.79,347.0,341.2954830500779,7.5,14.08,1205278.125,971.0495230861115,10.54242665525114,BGD.3.15_1,BGD,Bangladesh,BGD.3_1,NA,Shariatpur,NA,NA,Zila,Distict,3086,BD.DH.TA,Dhaka,Shariatpur,0.0167919360588374,0.0749587269035477,0.1407831162541903,0.107870921578869,10.79,347.0,341.2954830500779,0.0749587269035477,0.1407831162541903,7.5,14.08,1241.2117985182483,8.911746927820417
Dhaka,Tangail,0.0814973091599621,8.15,268.0,266.6885791351891,4.87,11.43,3812710.0,1132.585918000354,10.54242665525114,BGD.3.17_1,BGD,Bangladesh,BGD.3_1,NA,Tangail,NA,NA,Zila,Distict,3093,BD.DH.TA,Dhaka,Tangail,0.0167536578756636,0.0486601397236614,0.1143344785962628,0.0814973091599621,8.15,268.0,266.6885791351891,0.0486601397236614,0.1143344785962628,4.87,11.43,3366.375953827468,9.161424417906144
Khulna,Bagerhat,0.0784049076418162,7.84,329.0,325.1701800330243,4.92,10.76,1437338.125,390.20485587267046,10.54242665525114,BGD.4.1_1,BGD,Bangladesh,BGD.4_1,NA,Bagerhat,NA,NA,Zila,Distict,4001,BD.KH.ST,Khulna,Bagerhat,0.0149068659041947,0.0491874504695945,0.1076223648140379,0.0784049076418162,7.84,329.0,325.1701800330243,0.0491874504695945,0.1076223648140379,4.92,10.76,3683.547509385748,3.239385732025864
Khulna,Chuadanga,0.0578247407292941,5.78,332.0,330.847023506941,3.27,8.3,1235024.125,1062.532168714407,10.54242665525114,BGD.4.2_1,BGD,Bangladesh,BGD.4_1,NA,Chuadanga,NA,NA,Zila,Distict,4018,BD.KH.ST,Khulna,Chuadanga,0.0128324351769676,0.0326731677824374,0.0829763136761507,0.0578247407292941,5.78,332.0,330.847023506941,0.0326731677824374,0.0829763136761507,3.27,8.3,1162.340455531146,8.569950420162236
Khulna,Jessore,0.0591811554896854,5.92,311.0,285.05501515350625,3.18,8.66,,,,BGD.4.3_1,BGD,Bangladesh,BGD.4_1,NA,Jessore,NA,NA,Zila,Distict,4041,BD.KH.ST,Khulna,Jashore,0.0139759191917224,0.0317883538739094,0.0865739571054615,,,,,,,,,,
Khulna,Jhenaidah,0.0654089460492224,6.54,329.0,323.14149087884323,3.85,9.24,1920175.375,982.815041423742,10.54242665525114,BGD.4.4_1,BGD,Bangladesh,BGD.4_1,NA,Jhenaidah,NA,NA,Zila,Distict,4044,BD.KH.ST,Khulna,Jhenaidah,0.0137541267825675,0.0384508575553901,0.0923670345430548,0.0654089460492224,6.54,329.0,323.14149087884323,0.0384508575553901,0.0923670345430548,3.85,9.24,1953.7504963480856,7.985093254875868
Khulna,Khulna,0.0681762672609551,6.82,270.0,254.5482262005233,3.72,9.91,2304300.75,638.0084130099972,10.54242665525114,BGD.4.5_1,BGD,Bangladesh,BGD.4_1,NA,Khulna,NA,NA,Zila,Distict,4047,BD.KH.ST,Khulna,Khulna,0.0157978670944571,0.037212447755819,0.0991400867660911,0.0681762672609551,6.82,270.0,254.5482262005233,0.037212447755819,0.0991400867660911,3.72,9.91,3611.709035510623,5.448601495332406
Khulna,Kushtia,0.0760496185800124,7.6,316.0,313.2703724191218,4.67,10.54,2060347.0,1277.2014073908251,10.54242665525114,BGD.4.6_1,BGD,Bangladesh,BGD.4_1,NA,Kushtia,NA,NA,Zila,Distict,4050,BD.KH.ST,Khulna,Kushtia,0.0149765983552592,0.0466954858037043,0.1054037513563204,0.0760496185800124,7.6,316.0,313.2703724191218,0.0466954858037043,0.1054037513563204,4.67,10.54,1613.173136262863,10.870593138961874
Khulna,Magura,0.0593909795697615,5.94,343.0,320.2305457682175,3.35,8.53,1004946.4375,958.219244259862,10.54242665525114,BGD.4.7_1,BGD,Bangladesh,BGD.4_1,NA,Magura,NA,NA,Zila,Distict,4055,BD.KH.ST,Khulna,Magura,0.0132078897806001,0.0335035155997852,0.0852784435397379,0.0593909795697615,5.94,343.0,320.2305457682175,0.0335035155997852,0.0852784435397379,3.35,8.53,1048.7646157390948,7.781294764187102
Khulna,Meherpur,0.0401857888673849,4.02,284.0,276.53522982915854,1.7,6.33,691857.5,963.598231665303,10.54242665525114,BGD.4.8_1,BGD,Bangladesh,BGD.4_1,NA,Meherpur,NA,NA,Zila,Distict,4057,BD.KH.ST,Khulna,Meherpur,0.0118101279695694,0.0170379380470287,0.0633336396877412,0.0401857888673849,4.02,284.0,276.53522982915854,0.0170379380470287,0.0633336396877412,1.7,6.33,717.9937418568347,7.747564389697648
Khulna,Narail,0.0730374414945178,7.3,356.0,350.9649164778839,4.58,10.03,766987.375,770.2663328357434,10.54242665525114,BGD.4.9_1,BGD,Bangladesh,BGD.4_1,NA,Narail,NA,NA,Zila,Distict,4065,BD.KH.ST,Khulna,Narail,0.0138890333083013,0.0458149362102472,0.1002599467787884,0.0730374414945178,7.3,356.0,350.9649164778839,0.0458149362102472,0.1002599467787884,4.58,10.03,995.7430856108278,6.284257757130333
Khulna,Satkhira,0.0586854784411741,5.87,304.0,300.0225804315276,3.21,8.53,2048493.375,600.2388918287346,10.54242665525114,BGD.4.10_1,BGD,Bangladesh,BGD.4_1,NA,Satkhira,NA,NA,Zila,Distict,4087,BD.KH.ST,Khulna,Satkhira,0.0135692465341957,0.0320897552341505,0.0852812016481978,0.0586854784411741,5.87,304.0,300.0225804315276,0.0320897552341505,0.0852812016481978,3.21,8.53,3412.7968095484457,5.982539674427298
Mymensingh,Jamalpur,0.0397651923637407,3.98,263.0,261.07398395343427,1.61,6.35,2434509.25,1178.918515069837,10.54242665525114,BGD.8.5_1,BGD,Bangladesh,BGD.8_1,NA,Jamalpur,NA,NA,Zila,Distict,3039,BD.MM.TA,Mymenshing,Jamalpur,0.0120936798607807,0.0160615798366105,0.063468804890871,0.0397651923637407,3.98,263.0,261.07398395343427,0.0160615798366105,0.063468804890871,1.61,6.35,2065.036063884181,9.612573688221335
Mymensingh,Mymensingh,0.1058324227241807,10.58,470.0,468.011457469014,7.8,13.37,5703310.0,1312.560246426082,10.54242665525114,BGD.8.10_1,BGD,Bangladesh,BGD.8_1,NA,Mymensingh,NA,NA,Zila,Distict,3061,BD.MM.TA,Mymenshing,Mymensingh,0.0142197049631727,0.0779618009963621,0.1337030444519994,0.1058324227241807,10.58,470.0,468.011457469014,0.0779618009963621,0.1337030444519994,7.8,13.37,4345.179595016164,10.244319947407089
Mymensingh,Netrakona,0.1140107033731812,11.4,375.0,359.15470224541394,8.11,14.69,,,,BGD.8.13_1,BGD,Bangladesh,BGD.8_1,NA,Netrakona,NA,NA,Zila,Distict,3072,BD.MM.TA,Mymenshing,Netrokona,0.0167705100705736,0.0811405036348568,0.1468809031115056,,,,,,,,,,
Mymensingh,Sherpur,0.0291761956778245,2.92,280.0,278.69578729071173,0.94,4.89,1433030.625,1080.8916315866722,10.54242665525114,BGD.8.16_1,BGD,Bangladesh,BGD.8_1,NA,Sherpur,NA,NA,Zila,Distict,3089,BD.MM.TA,Mymenshing,Sherpur,0.0100813649751556,0.0094167203265194,0.0489356710291295,0.0291761956778245,2.92,280.0,278.69578729071173,0.0094167203265194,0.0489356710291295,0.94,4.89,1325.78565984123,8.426617811360696
Rajshahi,Bogra,0.0567199998646505,5.67,300.0,294.82754522801616,3.03,8.31,,,,BGD.5.1_1,BGD,Bangladesh,BGD.5_1,NA,Bogra,NA,NA,Zila,Distict,5010,BD.RS.SR,Rajshahi,Bogura,0.0134711414251266,0.0303165626714022,0.0831234370578987,,,,,,,,,,
Rajshahi,Joypurhat,0.0504714722248953,5.05,244.0,241.9048707920228,2.29,7.81,962024.75,1002.220907866984,10.54242665525114,BGD.5.2_1,BGD,Bangladesh,BGD.5_1,NA,Joypurhat,NA,NA,Zila,Distict,5038,BD.RS.SR,Rajshahi,Joypurhat,0.0140752036952255,0.0228840729822533,0.0780588714675373,0.0504714722248953,5.05,244.0,241.9048707920228,0.0228840729822533,0.0780588714675373,2.29,7.81,959.892916270792,7.814033627096617
Rajshahi,Naogaon,0.049227540071196,4.92,227.0,219.70597242320932,2.06,7.78,2762884.0,803.4272725118366,10.54242665525114,BGD.5.3_1,BGD,Bangladesh,BGD.5_1,NA,Naogaon,NA,NA,Zila,Distict,5064,BD.RS.SR,Rajshahi,Naogaon,0.0145955825146071,0.0206201983425659,0.0778348817998261,0.049227540071196,4.92,227.0,219.7059724232093,0.0206201983425659,0.0778348817998261,2.06,7.78,3438.8725582617008,6.750596168881939
Rajshahi,Natore,0.0630455300198454,6.3,279.0,276.4395210028288,3.44,9.17,1863543.75,978.564928508214,10.54242665525114,BGD.5.4_1,BGD,Bangladesh,BGD.5_1,NA,Natore,NA,NA,Zila,Distict,5069,BD.RS.SR,Rajshahi,Natore,0.014617945148125,0.0343943575295203,0.0916967025101705,0.0630455300198454,6.3,279.0,276.4395210028288,0.0343943575295203,0.0916967025101705,3.44,9.17,1904.3639269199064,8.375816325154725
Rajshahi,Nawabganj,0.0385631758647907,3.86,381.0,378.4136652619423,1.92,5.8,,,,BGD.5.5_1,BGD,Bangladesh,BGD.5_1,NA,Nawabganj,NA,NA,Zila,Distict,5070,BD.RS.SR,Rajshahi,Chapai Nawabganj,0.0098983627805995,0.0191623848148155,0.0579639669147659,,,,,,,,,,
Rajshahi,Pabna,0.070299278776904,7.03,343.0,336.1359148282333,4.3,9.76,2803515.5,1173.3163663746072,10.54242665525114,BGD.5.6_1,BGD,Bangladesh,BGD.5_1,NA,Pabna,NA,NA,Zila,Distict,5076,BD.RS.SR,Rajshahi,Pabna,0.0139440701785222,0.0429689012270003,0.0976296563268077,0.070299278776904,7.03,343.0,336.1359148282333,0.0429689012270003,0.0976296563268077,4.3,9.76,2389.3943529165053,10.30030164083798
Rajshahi,Rajshahi,0.0912738390243585,9.13,286.0,272.9845615521827,5.71,12.54,2906087.0,1193.0680000996051,10.54242665525114,BGD.5.7_1,BGD,Bangladesh,BGD.5_1,NA,Rajshahi,NA,NA,Zila,Distict,5081,BD.RS.SR,Rajshahi,Rajshahi,0.0174309328969149,0.0571092105464052,0.1254384675023118,0.0912738390243585,9.13,286.0,272.9845615521827,0.0571092105464052,0.1254384675023118,5.71,12.54,2435.8100290657203,10.153439523159
Rajshahi,Sirajganj,0.0843070303069993,8.43,345.0,342.5284607693815,5.49,11.37,3499940.25,1403.1745609027714,10.54242665525114,BGD.5.8_1,BGD,Bangladesh,BGD.5_1,NA,Sirajganj,NA,NA,Zila,Distict,5088,BD.RS.SR,Rajshahi,Sirajganj,0.0150126895653907,0.0548821587588334,0.1137319018551652,0.0843070303069993,8.43,345.0,342.5284607693815,0.0548821587588334,0.1137319018551652,5.49,11.37,2494.301384532097,12.585186084142396
Rangpur,Dinajpur,0.0496379049714808,4.96,286.0,277.3393497068806,2.41,7.52,3278984.5,949.6016491836144,10.54242665525114,BGD.6.1_1,BGD,Bangladesh,BGD.6_1,NA,Dinajpur,NA,NA,Zila,Distict,5527,BD.RP.TH,Rangpur,Dinajpur,0.013042040013732,0.0240755065445659,0.0752003033983957,0.0496379049714808,4.96,286.0,277.3393497068806,0.0240755065445659,0.0752003033983957,2.41,7.52,3453.010536385428,7.38849493911617
Rangpur,Gaibandha,0.0631166923883007,6.31,340.0,338.65616696910297,3.72,8.9,2592572.75,1196.618107447856,10.54242665525114,BGD.6.2_1,BGD,Bangladesh,BGD.6_1,NA,Gaibandha,NA,NA,Zila,Distict,5532,BD.RP.TH,Rangpur,Gaibandha,0.0132140325476108,0.0372171885949834,0.0890161961816179,0.0631166923883007,6.31,340.0,338.65616696910297,0.0372171885949834,0.0890161961816179,3.72,8.9,2166.5832514681165,10.16017850844535
Rangpur,Kurigram,0.0785781567278858,7.86,338.0,334.6468085062385,4.97,10.74,2274180.0,1009.6612452636996,10.54242665525114,BGD.6.3_1,BGD,Bangladesh,BGD.6_1,NA,Kurigram,NA,NA,Zila,Distict,5549,BD.RP.TH,Rangpur,Kurigram,0.0147091245861633,0.0497482725390056,0.107408040916766,0.0785781567278858,7.86,338.0,334.6468085062385,0.0497482725390056,0.107408040916766,4.97,10.74,2252.418829254002,9.003693835293745
Rangpur,Lalmonirhat,0.0661663452425812,6.62,362.0,358.6923931160812,4.04,9.19,1375104.5,1098.6560859084484,10.54242665525114,BGD.6.4_1,BGD,Bangladesh,BGD.6_1,NA,Lalmonirhat,NA,NA,Zila,Distict,5552,BD.RP.TH,Rangpur,Lalmonirhat,0.0131247866006066,0.0404417635053922,0.0918909269797702,0.0661663452425812,6.62,362.0,358.6923931160812,0.0404417635053922,0.0918909269797702,4.04,9.19,1251.624159404682,8.88270233258186
Rangpur,Nilphamari,0.0192977866350912,1.93,381.0,361.9085284388058,0.51,3.35,1992666.5,1257.7586994300805,10.54242665525114,BGD.6.5_1,BGD,Bangladesh,BGD.6_1,NA,Nilphamari,NA,NA,Zila,Distict,5573,BD.RP.TH,Rangpur,Nilphamari,0.0072314088961321,0.0051242251986721,0.0334713480715102,0.0192977866350912,1.93,381.0,361.9085284388058,0.0051242251986721,0.0334713480715102,0.51,3.35,1584.299516992348,9.781014391738005
Rangpur,Panchagarh,0.0130298956650229,1.3,361.0,359.3027349756775,0.13,2.48,1107962.375,817.0115026004318,10.54242665525114,BGD.6.6_1,BGD,Bangladesh,BGD.6_1,NA,Panchagarh,NA,NA,Zila,Distict,5577,BD.RP.TH,Rangpur,Panchagarh,0.0059826308558034,0.0013039391876482,0.0247558521423976,0.0130298956650229,1.3,361.0,359.3027349756775,0.0013039391876482,0.0247558521423976,0.13,2.48,1356.116005066652,6.328609800539207
Rangpur,Rangpur,0.0322097621063016,3.22,330.0,325.021489120068,1.3,5.14,3184039.0,1358.387632815004,10.54242665525114,BGD.6.7_1,BGD,Bangladesh,BGD.6_1,NA,Rangpur,NA,NA,Zila,Distict,5585,BD.RP.TH,Rangpur,Rangpur,0.0097932837808648,0.0130149258958065,0.0514045983167968,0.0322097621063016,3.22,330.0,325.021489120068,0.0130149258958065,0.0514045983167968,1.3,5.14,2343.9840904629523,10.656123347133022
Rangpur,Thakurgaon,0.0157690147212241,1.58,370.0,362.9119443112672,0.3,2.86,1526093.75,846.6930965663392,10.54242665525114,BGD.6.8_1,BGD,Bangladesh,BGD.6_1,NA,Thakurgaon,NA,NA,Zila,Distict,5594,BD.RP.TH,Rangpur,Thakurgaon,0.0065395846365295,0.0029514288336262,0.0285866006088219,0.0157690147212241,1.58,370.0,362.9119443112672,0.0029514288336262,0.0285866006088219,0.3,2.86,1802.4166680806627,6.594106069575211
Sylhet,Habiganj,0.0644234623503168,6.44,493.0,462.71660865720565,4.21,8.68,2374628.5,920.4236666121468,10.54242665525114,BGD.7.1_1,BGD,Bangladesh,BGD.7_1,NA,Habiganj,NA,NA,Zila,Distict,6036,BD.SY.SL,Sylhet,Habiganj,0.011413113802652,0.0420537592971188,0.0867931654035148,0.0644234623503168,6.44,493.0,462.71660865720565,0.0420537592971188,0.0867931654035148,4.21,8.68,2579.9298585404954,7.254983043597813
Sylhet,Maulvibazar,0.0157944968870186,1.58,447.0,364.1430418184186,0.3,2.86,2195878.25,821.5995440180372,10.54242665525114,BGD.7.2_1,BGD,Bangladesh,BGD.7_1,NA,Maulvibazar,NA,NA,Zila,Distict,6058,BD.SY.SL,Sylhet,Maulvibazar,0.0065337089563698,0.0029884273325336,0.0286005664415036,0.0157944968870186,1.58,447.0,364.1430418184186,0.0029884273325336,0.0286005664415036,0.3,2.86,2672.686792474403,6.555173530676092
Sylhet,Sunamganj,0.0500436564651221,5.0,544.0,486.2734256529228,3.07,6.94,2871885.5,779.2036204609599,10.54242665525114,BGD.7.3_1,BGD,Bangladesh,BGD.7_1,NA,Sunamganj,NA,NA,Zila,Distict,6090,BD.SY.SL,Sylhet,Sunamganj,0.0098874903450094,0.0306641753889035,0.0694231375413407,0.0500436564651221,5.0,544.0,486.2734256529228,0.0306641753889035,0.0694231375413407,3.07,6.94,3685.6675515715074,6.3200314693778745
Sylhet,Sylhet,0.0983806228512171,9.84,492.0,433.4185177155268,7.03,12.64,4312367.0,1264.3587161202074,10.54242665525114,BGD.7.4_1,BGD,Bangladesh,BGD.7_1,NA,Sylhet,NA,NA,Zila,Distict,6091,BD.SY.SL,Sylhet,Sylhet,0.0143058171897762,0.0703412211592557,0.1264200245431785,0.0983806228512171,9.84,492.0,433.4185177155268,0.0703412211592557,0.1264200245431785,7.03,12.64,3410.714811404841,9.940635574857312
